[{"$i":"noAntenna","$v":"Casque débranché"},{"$i":"noAntennaMsg","$v":"La radio FM nécessite un casque branché pour servir d’antenne."},{"$i":"airplaneModeHeader","$v":"Le mode avion est activé"},{"$i":"airplaneModeMsg","$v":"Pour utiliser l’application Radio FM, désactivez le mode avion."},{"$i":"speaker-switch","ariaLabel":"Haut-parleur"},{"$i":"bookmark-button","ariaLabel":"Ajouter aux stations préférées"},{"$i":"dialer-container","ariaLabel":"Fréquence"},{"$i":"frequency-op-seekdown","ariaLabel":"Recherche arrière"},{"$i":"frequency-op-seekup","ariaLabel":"Recherche avant"},{"$i":"power-switch-on","ariaLabel":"Allumer"},{"$i":"power-switch-off","ariaLabel":"Éteindre"},{"$i":"fav-list-container","ariaLabel":"Stations préférées"}]