[{"$i":"number-selected2","$v":{"zero":"Sélection","one":[{"t":"idOrVar","v":"n"}," sélectionné"],"two":[{"t":"idOrVar","v":"n"}," sélectionnés"],"few":[{"t":"idOrVar","v":"n"}," sélectionnés"],"many":[{"t":"idOrVar","v":"n"}," sélectionnés"],"other":[{"t":"idOrVar","v":"n"}," sélectionnés"]},"$x":[{"t":"idOrVar","v":"plural"},"n"]},{"$i":"delete-photo?","$v":"Supprimer la photo ?"},{"$i":"delete-video?","$v":"Supprimer la vidéo ?"},{"$i":"delete-n-items?","$v":{"zero":"Aucun élément sélectionné","one":"Supprimer l’élément sélectionné ?","two":["Supprimer ",{"t":"idOrVar","v":"n"}," éléments ?"],"few":["Supprimer ",{"t":"idOrVar","v":"n"}," éléments ?"],"many":["Supprimer ",{"t":"idOrVar","v":"n"}," éléments ?"],"other":["Supprimer ",{"t":"idOrVar","v":"n"}," éléments ?"]},"$x":[{"t":"idOrVar","v":"plural"},"n"]},{"$i":"pickoneimage2","$v":"Sélectionner"},{"$i":"cropimage","$v":"Rogner"},{"$i":"cancel","$v":"Annuler"},{"$i":"delete","$v":"Supprimer"},{"$i":"ok","$v":"OK"},{"$i":"edit","$v":"Mode édition"},{"$i":"save","$v":"Enregistrer"},{"$i":"done","$v":"Terminé"},{"$i":"exposure","$v":"Exposition"},{"$i":"crop","$v":"Découper"},{"$i":"effects","$v":"Effets"},{"$i":"borders","$v":"Bords"},{"$i":"enhance-on","$v":"Amélioration auto. activée"},{"$i":"enhance-off","$v":"Amélioration auto. désactivée"},{"$i":"apply","$v":"Appliquer"},{"$i":"filters","$v":"Filtres"},{"$i":"original","$v":"Original"},{"$i":"blackandwhite","$v":"Noir et blanc"},{"$i":"sepia","$v":"Sépia"},{"$i":"freeform","$v":"Forme libre"},{"$i":"portrait","$v":"Portrait"},{"$i":"landscape","$v":"Paysage"},{"$i":"square","$v":"Carré"},{"$i":"emptygallery2-title","$v":"Aucune photo ni vidéo"},{"$i":"emptygallery2-text","$v":"Pour commencer, utilisez l’application Photo."},{"$i":"emptygallery2-title-pick","$v":"Aucune photo"},{"$i":"nocard3-title","$v":"Aucune carte mémoire"},{"$i":"nocard4-text","$v":"Pour utiliser cette application, insérez une carte mémoire."},{"$i":"pluggedin2-title","$v":"Carte mémoire utilisée"},{"$i":"pluggedin2-text","$v":"Pour utiliser cette application, débranchez le téléphone."},{"$i":"scanning-title","$v":"Analyse"},{"$i":"scanning-text","$v":"Recherche de photos et de vidéos."},{"$i":"upgrade-title","$v":"Mise à jour base de données"},{"$i":"upgrade-text","$v":"Veuillez patienter pendant que Galerie met à jour sa base de données."},{"$i":"share-noprovider","$v":"Impossible de partager ce type d’image."},{"$i":"memorycardfull","$v":"Impossible de modifier des photos : la carte mémoire est pleine."},{"$i":"imagetoobig","$v":"L’image est trop volumineuse pour être affichée sur cet appareil."},{"$i":"imageinvalid","$v":"L’image n’est pas valide ou est corrompue et ne peut pas être affichée."},{"$i":"saved","$v":[{"t":"idOrVar","v":"filename"}," enregistré dans Galerie"]},{"$i":"edit-copy-saved","$v":"Copie enregistrée."},{"$i":"overlay-camera-button","$v":"Lancer l’application Photo"},{"$i":"name-label","$v":"Nom"},{"$i":"size-label","$v":"Taille"},{"$i":"image-type-label","$v":"Format du fichier"},{"$i":"date-taken-label","$v":"Date de création"},{"$i":"resolution-label","$v":"Définition"},{"$i":"close-button","$v":"Fermer"},{"$i":"byteUnit-B","$v":"octets"},{"$i":"byteUnit-KB","$v":"Ko"},{"$i":"byteUnit-MB","$v":"Mo"},{"$i":"byteUnit-GB","$v":"Go"},{"$i":"gallery","$v":"Galerie"},{"$i":"preview","$v":"Aperçu"},{"$i":"date-group-header","$v":"%B %Y"},{"$i":"videoDescriptionShort","$v":"Vidéo créée le %e %Eb %Y à %H:%M:%S"},{"$i":"imageDescriptionShort","$v":"Image créée le %e %Eb %Y à %H:%M:%S"},{"$i":"back-button","ariaLabel":"Retour"},{"$i":"crop-options","ariaLabel":"Découper"},{"$i":"crop-revert","ariaLabel":"Annuler"},{"$i":"crop-aspect-free","ariaLabel":"Aspect personnalisé"},{"$i":"crop-aspect-portrait","ariaLabel":"Aspect portrait"},{"$i":"crop-aspect-landscape","ariaLabel":"Aspect paysage"},{"$i":"crop-aspect-square","ariaLabel":"Aspect carré"},{"$i":"effect-options","ariaLabel":"Effet"},{"$i":"effect-none","ariaLabel":"Aucun"},{"$i":"effect-bw","ariaLabel":"Noir et blanc"},{"$i":"effect-sepia","ariaLabel":"Sépia"},{"$i":"effect-bluesteel","ariaLabel":"Bleu métallisé"},{"$i":"effect-faded","ariaLabel":"Délavé"},{"$i":"exposure-button","ariaLabel":"Exposition"},{"$i":"crop-button","ariaLabel":"Découper"},{"$i":"effect-button","ariaLabel":"Effets"},{"$i":"enhance-button","ariaLabel":"Amélioration"},{"$i":"camera-button","ariaLabel":"Appareil photo"},{"$i":"select-multiple-button","ariaLabel":"Sélection multiple"},{"$i":"edit-button","ariaLabel":"Mode édition"},{"$i":"share-button","ariaLabel":"Partager"},{"$i":"info-button","ariaLabel":"Informations"},{"$i":"delete-button","ariaLabel":"Supprimer"},{"$i":"editImagePreview","ariaLabel":"Modifier l’aperçu de l’image"},{"$i":"weekday-0-long","$v":"Dimanche"},{"$i":"weekday-1-long","$v":"Lundi"},{"$i":"weekday-2-long","$v":"Mardi"},{"$i":"weekday-3-long","$v":"Mercredi"},{"$i":"weekday-4-long","$v":"Jeudi"},{"$i":"weekday-5-long","$v":"Vendredi"},{"$i":"weekday-6-long","$v":"Samedi"},{"$i":"weekday-0-short","$v":"dim"},{"$i":"weekday-1-short","$v":"lun"},{"$i":"weekday-2-short","$v":"mar"},{"$i":"weekday-3-short","$v":"mer"},{"$i":"weekday-4-short","$v":"jeu"},{"$i":"weekday-5-short","$v":"ven"},{"$i":"weekday-6-short","$v":"sam"},{"$i":"month-0-long","$v":"Janvier"},{"$i":"month-1-long","$v":"Février"},{"$i":"month-2-long","$v":"Mars"},{"$i":"month-3-long","$v":"Avril"},{"$i":"month-4-long","$v":"Mai"},{"$i":"month-5-long","$v":"Juin"},{"$i":"month-6-long","$v":"Juillet"},{"$i":"month-7-long","$v":"Août"},{"$i":"month-8-long","$v":"Septembre"},{"$i":"month-9-long","$v":"Octobre"},{"$i":"month-10-long","$v":"Novembre"},{"$i":"month-11-long","$v":"Décembre"},{"$i":"month-0-genitive","$v":"janvier"},{"$i":"month-1-genitive","$v":"février"},{"$i":"month-2-genitive","$v":"mars"},{"$i":"month-3-genitive","$v":"avril"},{"$i":"month-4-genitive","$v":"mai"},{"$i":"month-5-genitive","$v":"juin"},{"$i":"month-6-genitive","$v":"juillet"},{"$i":"month-7-genitive","$v":"août"},{"$i":"month-8-genitive","$v":"septembre"},{"$i":"month-9-genitive","$v":"octobre"},{"$i":"month-10-genitive","$v":"novembre"},{"$i":"month-11-genitive","$v":"décembre"},{"$i":"month-0-short","$v":"jan."},{"$i":"month-1-short","$v":"fév."},{"$i":"month-2-short","$v":"mars"},{"$i":"month-3-short","$v":"avr."},{"$i":"month-4-short","$v":"mai"},{"$i":"month-5-short","$v":"juin"},{"$i":"month-6-short","$v":"juil."},{"$i":"month-7-short","$v":"août"},{"$i":"month-8-short","$v":"sep."},{"$i":"month-9-short","$v":"oct."},{"$i":"month-10-short","$v":"nov."},{"$i":"month-11-short","$v":"déc."},{"$i":"minutes-ago-long","$v":{"zero":"à l’instant","one":["il y a ",{"t":"idOrVar","v":"value"}," minute"],"two":["il y a ",{"t":"idOrVar","v":"value"}," minutes"],"few":["il y a ",{"t":"idOrVar","v":"value"}," minutes"],"many":["il y a ",{"t":"idOrVar","v":"value"}," minutes"],"other":["il y a ",{"t":"idOrVar","v":"value"}," minutes"]},"$x":[{"t":"idOrVar","v":"plural"},"value"]},{"$i":"hours-ago-long","$v":{"zero":"à l’instant","one":["il y a ",{"t":"idOrVar","v":"value"}," heure"],"two":["il y a ",{"t":"idOrVar","v":"value"}," heures"],"few":["il y a ",{"t":"idOrVar","v":"value"}," heures"],"many":["il y a ",{"t":"idOrVar","v":"value"}," heures"],"other":["il y a ",{"t":"idOrVar","v":"value"}," heures"]},"$x":[{"t":"idOrVar","v":"plural"},"value"]},{"$i":"days-ago-long","$v":{"zero":"aujourd’hui","one":"hier","two":["il y a ",{"t":"idOrVar","v":"value"}," jours"],"few":["il y a ",{"t":"idOrVar","v":"value"}," jours"],"many":["il y a ",{"t":"idOrVar","v":"value"}," jours"],"other":["il y a ",{"t":"idOrVar","v":"value"}," jours"]},"$x":[{"t":"idOrVar","v":"plural"},"value"]},{"$i":"weeks-ago-long","$v":{"zero":"cette semaine","one":"la semaine dernière","two":["il y a ",{"t":"idOrVar","v":"value"}," semaines"],"few":["il y a ",{"t":"idOrVar","v":"value"}," semaines"],"many":["il y a ",{"t":"idOrVar","v":"value"}," semaines"],"other":["il y a ",{"t":"idOrVar","v":"value"}," semaines"]},"$x":[{"t":"idOrVar","v":"plural"},"value"]},{"$i":"months-ago-long","$v":{"zero":"ce mois-ci","one":"le mois dernier","two":["il y a ",{"t":"idOrVar","v":"value"}," mois"],"few":["il y a ",{"t":"idOrVar","v":"value"}," mois"],"many":["il y a ",{"t":"idOrVar","v":"value"}," mois"],"other":["il y a ",{"t":"idOrVar","v":"value"}," mois"]},"$x":[{"t":"idOrVar","v":"plural"},"value"]},{"$i":"years-ago-long","$v":{"zero":"cette année","one":"l’année dernière","two":["il y a ",{"t":"idOrVar","v":"value"}," ans"],"few":["il y a ",{"t":"idOrVar","v":"value"}," ans"],"many":["il y a ",{"t":"idOrVar","v":"value"}," ans"],"other":["il y a ",{"t":"idOrVar","v":"value"}," ans"]},"$x":[{"t":"idOrVar","v":"plural"},"value"]},{"$i":"minutes-until-long","$v":{"zero":"maintenant","one":["dans ",{"t":"idOrVar","v":"value"}," minute"],"two":["dans ",{"t":"idOrVar","v":"value"}," minutes"],"few":["dans ",{"t":"idOrVar","v":"value"}," minutes"],"many":["dans ",{"t":"idOrVar","v":"value"}," minutes"],"other":["dans ",{"t":"idOrVar","v":"value"}," minutes"]},"$x":[{"t":"idOrVar","v":"plural"},"value"]},{"$i":"hours-until-long","$v":{"zero":"maintenant","one":["dans ",{"t":"idOrVar","v":"value"}," heure"],"two":["dans ",{"t":"idOrVar","v":"value"}," heures"],"few":["dans ",{"t":"idOrVar","v":"value"}," heures"],"many":["dans ",{"t":"idOrVar","v":"value"}," heures"],"other":["dans ",{"t":"idOrVar","v":"value"}," heures"]},"$x":[{"t":"idOrVar","v":"plural"},"value"]},{"$i":"days-until-long","$v":{"zero":"aujourd’hui","one":"demain","two":["dans ",{"t":"idOrVar","v":"value"}," jours"],"few":["dans ",{"t":"idOrVar","v":"value"}," jours"],"many":["dans ",{"t":"idOrVar","v":"value"}," jours"],"other":["dans ",{"t":"idOrVar","v":"value"}," jours"]},"$x":[{"t":"idOrVar","v":"plural"},"value"]},{"$i":"weeks-until-long","$v":{"zero":"cette semaine","one":"la semaine prochaine","two":["dans ",{"t":"idOrVar","v":"value"}," semaines"],"few":["dans ",{"t":"idOrVar","v":"value"}," semaines"],"many":["dans ",{"t":"idOrVar","v":"value"}," semaines"],"other":["dans ",{"t":"idOrVar","v":"value"}," semaines"]},"$x":[{"t":"idOrVar","v":"plural"},"value"]},{"$i":"months-until-long","$v":{"zero":"ce mois-ci","one":"le mois prochain","two":["dans ",{"t":"idOrVar","v":"value"}," mois"],"few":["dans ",{"t":"idOrVar","v":"value"}," mois"],"many":["dans ",{"t":"idOrVar","v":"value"}," mois"],"other":["dans ",{"t":"idOrVar","v":"value"}," mois"]},"$x":[{"t":"idOrVar","v":"plural"},"value"]},{"$i":"years-until-long","$v":{"zero":"cette année","one":"l’année prochaine","two":["dans ",{"t":"idOrVar","v":"value"}," ans"],"few":["dans ",{"t":"idOrVar","v":"value"}," ans"],"many":["dans ",{"t":"idOrVar","v":"value"}," ans"],"other":["dans ",{"t":"idOrVar","v":"value"}," ans"]},"$x":[{"t":"idOrVar","v":"plural"},"value"]},{"$i":"minutes-ago-short","$v":{"zero":"à l’instant","other":["il y a ",{"t":"idOrVar","v":"value"}," min"]},"$x":[{"t":"idOrVar","v":"plural"},"value"]},{"$i":"hours-ago-short","$v":{"zero":"à l’instant","other":["il y a ",{"t":"idOrVar","v":"value"}," h"]},"$x":[{"t":"idOrVar","v":"plural"},"value"]},{"$i":"days-ago-short","$v":{"zero":"aujourd’hui","other":["il y a ",{"t":"idOrVar","v":"value"}," j"]},"$x":[{"t":"idOrVar","v":"plural"},"value"]},{"$i":"minutes-until-short","$v":{"zero":"maintenant","other":["dans ",{"t":"idOrVar","v":"value"}," min"]},"$x":[{"t":"idOrVar","v":"plural"},"value"]},{"$i":"hours-until-short","$v":{"zero":"maintenant","other":["dans ",{"t":"idOrVar","v":"value"}," h"]},"$x":[{"t":"idOrVar","v":"plural"},"value"]},{"$i":"days-until-short","$v":{"zero":"aujourd’hui","other":["dans ",{"t":"idOrVar","v":"value"}," j"]},"$x":[{"t":"idOrVar","v":"plural"},"value"]},{"$i":"incorrectDate","$v":"(date incorrecte)"},{"$i":"dateTimeFormat_%c","$v":"%a %e %b %Y %H:%M:%S"},{"$i":"dateTimeFormat_%x","$v":"%d/%m/%Y"},{"$i":"dateTimeFormat_%X","$v":"%H:%M:%S"},{"$i":"shortTimeFormat","$v":"%H:%M"},{"$i":"shortTimeFormat12","$v":"%I:%M %p"},{"$i":"shortTimeFormat24","$v":"%H:%M"},{"$i":"shortDateTimeFormat","$v":"%x %H:%M"},{"$i":"weekStartsOnMonday","$v":"1"},{"$i":"firstDayOfTheWeek","$v":"1"},{"$i":"time_am","$v":"AM"},{"$i":"time_pm","$v":"PM"},{"$i":"playbackPlay","ariaLabel":"Play"},{"$i":"playbackPause","ariaLabel":"Pause"},{"$i":"playbackFullscreen","ariaLabel":"Fullscreen"},{"$i":"playbackSeekBar","ariaLabel":["Seek bar, duration ",{"t":"idOrVar","v":"duration"}]}]