[{"$i":"messages","$v":"Messages"},{"$i":"deleteMessages-title","$v":"Suppression"},{"$i":"selectThreads-title","$v":"Sélection"},{"$i":"edit","$v":"Modifier"},{"$i":"back","$v":"Retour"},{"$i":"cancel","$v":"Annuler"},{"$i":"undo","$v":"Annuler"},{"$i":"done","$v":"Terminé"},{"$i":"delete","$v":"Supprimer"},{"$i":"deleting-messages","$v":"Suppression des messages…"},{"$i":"select-all","$v":"Tout sélect."},{"$i":"deselect-all","$v":"Tout désélect."},{"$i":"selected-threads","$v":{"zero":"aucune sélectionnée","one":[{"t":"idOrVar","v":"n"}," sélectionnée"],"two":[{"t":"idOrVar","v":"n"}," sélectionnées"],"few":[{"t":"idOrVar","v":"n"}," sélectionnées"],"many":[{"t":"idOrVar","v":"n"}," sélectionnées"],"other":[{"t":"idOrVar","v":"n"}," sélectionnées"]},"$x":[{"t":"idOrVar","v":"plural"},"n"]},{"$i":"selected-messages","$v":{"zero":"aucun sélectionné","one":[{"t":"idOrVar","v":"n"}," sélectionné"],"two":[{"t":"idOrVar","v":"n"}," sélectionnés"],"few":[{"t":"idOrVar","v":"n"}," sélectionnés"],"many":[{"t":"idOrVar","v":"n"}," sélectionnés"],"other":[{"t":"idOrVar","v":"n"}," sélectionnés"]},"$x":[{"t":"idOrVar","v":"plural"},"n"]},{"$i":"selectThreads-label","$v":"Sélectionner des conversations"},{"$i":"selectMessages-label","$v":"Sélectionner des messages"},{"$i":"settings","$v":"Paramètres"},{"$i":"add-subject","$v":"Indiquer l’objet du message"},{"$i":"remove-subject","$v":"Supprimer l’objet du message"},{"$i":"to","$v":"À :"},{"$i":"new","$v":"Nouveau"},{"$i":"message","$v":"Message"},{"$i":"messagesInput_placeholder","$v":"Message"},{"$i":"messagesSubjectInput_placeholder","$v":"Objet"},{"$i":"converted-to-mms","$v":"Conversion en message multimédia."},{"$i":"converted-to-sms","$v":"Conversion en message texte."},{"$i":"messages-max-length-text","$v":"Vous avez atteint la longueur maximale."},{"$i":"messages-max-subject-length-text","$v":"Longueur maximale de l’objet atteinte."},{"$i":"multimedia-message-exceeded-max-length","$v":["Vous avez dépassé la taille maximale de ",{"t":"idOrVar","v":"mmsSize"}," Ko pour un message multimédia. Supprimez des pièces jointes ou raccourcissez le message pour l’envoyer."]},{"$i":"newMessage","$v":"Nouveau message"},{"$i":"sendMessage","$v":"Envoyer un message"},{"$i":"sendMMSToEmail","$v":"Envoyer un message multimédia"},{"$i":"no-recipient","$v":"(Aucun destinataire)"},{"$i":"recipient","$v":{"one":[{"t":"idOrVar","v":"n"}," destinataire"],"two":[{"t":"idOrVar","v":"n"}," destinataires"],"few":[{"t":"idOrVar","v":"n"}," destinataires"],"many":[{"t":"idOrVar","v":"n"}," destinataires"],"other":[{"t":"idOrVar","v":"n"}," destinataires"]},"$x":[{"t":"idOrVar","v":"plural"},"n"]},{"$i":"attachmentSizeB","$v":[{"t":"idOrVar","v":"n"}," o"]},{"$i":"attachmentSizeKB","$v":[{"t":"idOrVar","v":"n"}," Ko"]},{"$i":"attachmentSizeMB","$v":[{"t":"idOrVar","v":"n"}," Mo"]},{"$i":"attachmentOpenError","$v":"Aucune application ne sait ouvrir ce type de fichier."},{"$i":"remove","$v":"Supprimer"},{"$i":"participant","$v":{"one":[{"t":"idOrVar","v":"n"}," participant"],"two":[{"t":"idOrVar","v":"n"}," participants"],"few":[{"t":"idOrVar","v":"n"}," participants"],"many":[{"t":"idOrVar","v":"n"}," participants"],"other":[{"t":"idOrVar","v":"n"}," participants"]},"$x":[{"t":"idOrVar","v":"plural"},"n"]},{"$i":"message-report","$v":"Rapport du message"},{"$i":"message-type-sms","$v":"Message texte (SMS)"},{"$i":"message-type-mms","$v":"Message multimédia (MMS)"},{"$i":"sms-report-description","$v":["Votre message texte (SMS), a été envoyé le ",{"t":"idOrVar","v":"datetime"}]},{"$i":"mms-report-description","$v":["Votre message multimédia (MMS), avec l’objet ",{"t":"idOrVar","v":"subject"},", a été envoyé le ",{"t":"idOrVar","v":"datetime"}]},{"$i":"mms-no-subject-report-description","$v":["Votre message multimédia (MMS), a été envoyé le ",{"t":"idOrVar","v":"datetime"}]},{"$i":"message-subject","$v":"Objet :"},{"$i":"report-status-error","$v":"Le message n’a pas pu être envoyé"},{"$i":"report-status-not-downloaded","$v":"non téléchargé"},{"$i":"report-status-delivered","$v":"Reçu le :"},{"$i":"report-status-read","$v":"Lu le :"},{"$i":"report-status-pending","$v":"Accusé de réception demandé"},{"$i":"report-status-rejected","$v":"Message rejeté"},{"$i":"message-size-was","$v":"Taille du message :"},{"$i":"report-dateTimeFormat12","$v":["%e %Eb %Y à ",{"t":"idOrVar","v":"shortTimeFormat12"}]},{"$i":"report-dateTimeFormat24","$v":["%e %Eb %Y à ",{"t":"idOrVar","v":"shortTimeFormat24"}]},{"$i":"report-to-title","$v":"À"},{"$i":"report-from-title","$v":"De"},{"$i":"message-sent","$v":"Envoyé le :"},{"$i":"message-sending","$v":"Envoi…"},{"$i":"message-received","$v":"Reçu le :"},{"$i":"message-via","$v":"Via :"},{"$i":"message-resend","$v":"Renvoyer"},{"$i":"search","$v":"Rechercher"},{"$i":"unknown-contact-title","$v":"Contact inconnu"},{"$i":"phone-type-separator","$v":", "},{"$i":"phone-carrier-separator","$v":" "},{"$i":"thread-participant-separator","$v":", "},{"$i":"replace-draft","$v":"Remplacer le brouillon existant"},{"$i":"save-as-draft","$v":"Enregistrer en tant que brouillon"},{"$i":"discard-message","$v":"Effacer"},{"$i":"discard-sms","$v":"Voulez-vous vraiment effacer ce message ?"},{"$i":"discard-new-message","$v":"Effacer le message en cours de rédaction et ouvrir le nouveau message ?"},{"$i":"resend-confirmation","$v":"Votre message n’a pas pu être envoyé. Voulez-vous le renvoyer ?"},{"$i":"resend-message","$v":"Renvoyer ce message"},{"$i":"deleteMessage-confirmation","$v":"Supprimer le message sélectionné ?"},{"$i":"deleteMessages-confirmation-message","$v":{"zero":"Please select messages to be deleted.","one":"Delete selected message?","two":["Delete ",{"t":"idOrVar","v":"n"}," selected messages?"],"few":["Delete ",{"t":"idOrVar","v":"n"}," selected messages?"],"many":["Delete ",{"t":"idOrVar","v":"n"}," selected messages?"],"other":["Delete ",{"t":"idOrVar","v":"n"}," selected messages?"]},"$x":[{"t":"idOrVar","v":"plural"},"n"]},{"$i":"deleteThreads-confirmation-message","$v":{"zero":"Please select message threads to be deleted.","one":"Delete selected message thread?","two":["Delete ",{"t":"idOrVar","v":"n"}," selected message threads?"],"few":["Delete ",{"t":"idOrVar","v":"n"}," selected message threads?"],"many":["Delete ",{"t":"idOrVar","v":"n"}," selected message threads?"],"other":["Delete ",{"t":"idOrVar","v":"n"}," selected message threads?"]},"$x":[{"t":"idOrVar","v":"plural"},"n"]},{"$i":"new-message-notice-text","$v":"Nouveau message de"},{"$i":"new-message-notice-a-text","$v":"L’afficher"},{"$i":"noMessages-title","$v":"Aucun message"},{"$i":"noMessages-text","$v":"Vous pouvez dès à présent commencer à en envoyer"},{"$i":"sendDefaultErrorTitle","$v":"Message non envoyé"},{"$i":"sendDefaultErrorBody","$v":"Il y a eu un problème lors de l’envoi du message. Veuillez réessayer."},{"$i":"sendDefaultErrorBtnOk","$v":"OK"},{"$i":"sendMissingSimCardTitle","$v":"Carte SIM manquante"},{"$i":"sendMissingSimCardBody","$v":"Veuillez insérer une carte SIM valide pour continuer."},{"$i":"sendMissingSimCardBtnOk","$v":"OK"},{"$i":"sendFlightModeTitle","$v":"Mode avion activé"},{"$i":"sendFlightModeBody","$v":"Pour envoyer des messages, désactivez le mode avion."},{"$i":"sendFlightModeBtnOk","$v":"OK"},{"$i":"radioDisabledToDownloadTitle","$v":"Mode avion activé"},{"$i":"radioDisabledToDownloadBody","$v":"Pour télécharger des pièces jointes, désactivez le mode avion."},{"$i":"radioDisabledToDownloadBtnOk","$v":"OK"},{"$i":"fdnBlocked2Title","$v":"Numérotation fixe activée"},{"$i":"sms-counter-notice-label","$v":["Rédaction SMS ",{"t":"idOrVar","v":"number"}]},{"$i":"fdnBlocked2Body","innerHTML":{"$x":[{"t":"idOrVar","v":"plural"},"n"],"$v":{"one":["La numérotation fixe (Fixed Dialing Numbers) est activée. Assurez-vous d’inclure dans votre liste FDN le numéro du centre SMS ainsi que le numéro du correspondant suivant :<br />",{"t":"idOrVar","v":"numbers"}],"two":["La numérotation fixe (Fixed Dialing Numbers) est activée. Assurez-vous d’inclure dans votre liste FDN le numéro du centre SMS ainsi que le numéro des correspondants suivants :<br />",{"t":"idOrVar","v":"numbers"}],"few":["La numérotation fixe (Fixed Dialing Numbers) est activée. Assurez-vous d’inclure dans votre liste FDN le numéro du centre SMS ainsi que le numéro des correspondants suivants :<br />",{"t":"idOrVar","v":"numbers"}],"many":["La numérotation fixe (Fixed Dialing Numbers) est activée. Assurez-vous d’inclure dans votre liste FDN le numéro du centre SMS ainsi que le numéro des correspondants suivants :<br />",{"t":"idOrVar","v":"numbers"}],"other":["La numérotation fixe (Fixed Dialing Numbers) est activée. Assurez-vous d’inclure dans votre liste FDN le numéro du centre SMS ainsi que le numéro des correspondants suivants :<br />",{"t":"idOrVar","v":"numbers"}]}}},{"$i":"fdnBlocked2BtnOk","$v":"OK"},{"$i":"switchSimToRetrieveTitle","$v":"Changer de connexion de données"},{"$i":"switchSimToRetrieveBody","$v":["La connexion de données de la SIM ",{"t":"idOrVar","v":"nonActiveSimId"}," sera utilisée pour récupérer le MMS. Le transfert de données en cours sur la SIM ",{"t":"idOrVar","v":"activeSimId"}," sera suspendu. Continuer quand même ?"]},{"$i":"switchSimToRetrieveBtnOk","$v":"Plus tard"},{"$i":"switchSimToRetrieveConfirm","$v":"OK"},{"$i":"switchSimToSendTitle","$v":[{"t":"idOrVar","v":"switchSimToRetrieveTitle"}]},{"$i":"switchSimToSendBody","$v":["La connexion de données de la SIM ",{"t":"idOrVar","v":"nonActiveSimId"}," sera utilisée pour envoyer le MMS. Le transfert de données en cours sur la SIM ",{"t":"idOrVar","v":"activeSimId"}," sera suspendu. Continuer quand même ?"]},{"$i":"switchSimToSendBtnOk","$v":[{"t":"idOrVar","v":"switchSimToRetrieveBtnOk"}]},{"$i":"switchSimToSendConfirm","$v":[{"t":"idOrVar","v":"switchSimToRetrieveConfirm"}]},{"$i":"sendNoSignalErrorTitle","$v":"Aucune couverture réseau"},{"$i":"sendNoSignalErrorBody","$v":"Assurez-vous de recevoir un signal mobile puis réessayez."},{"$i":"sendNoSignalErrorBtnOk","$v":"OK"},{"$i":"sendNotFoundErrorTitle","$v":"Message introuvable"},{"$i":"sendNotFoundErrorBody","$v":"Le message que vous recherchez n’est plus disponible."},{"$i":"sendNotFoundErrorBtnOk","$v":"OK"},{"$i":"sendInvalidAddressErrorTitle","$v":"Numéro non valide"},{"$i":"sendInvalidAddressErrorBody","$v":"Assurez-vous que le numéro de téléphone portable de votre destinataire est correct."},{"$i":"sendInvalidAddressErrorBtnOk","$v":"OK"},{"$i":"simNotMatchedErrorTitle","$v":"Téléchargement impossible"},{"$i":"simNotMatchedErrorBody","$v":"Veuillez vous assurer que la carte SIM insérée est bien celle qui a reçu ce message."},{"$i":"simNotMatchedErrorBtnOk","$v":"OK"},{"$i":"deleted-sms","$v":"Ce message a déjà été supprimé."},{"$i":"view-attachment-image","$v":"Voir"},{"$i":"view-attachment-audio","$v":"Écouter"},{"$i":"view-attachment-video","$v":"Voir"},{"$i":"view-attachment-other","$v":"Voir"},{"$i":"remove-attachment-image","$v":"Supprimer l’image"},{"$i":"remove-attachment-audio","$v":"Supprimer l’audio"},{"$i":"remove-attachment-video","$v":"Supprimer la vidéo"},{"$i":"remove-attachment-other","$v":"Supprimer la pièce jointe"},{"$i":"replace-attachment-image","$v":"Remplacer l’image"},{"$i":"replace-attachment-audio","$v":"Remplacer l’audio"},{"$i":"replace-attachment-video","$v":"Remplacer la vidéo"},{"$i":"replace-attachment-other","$v":"Remplacer la pièce jointe"},{"$i":"unsent-message-title","$v":"Message non envoyé"},{"$i":"unsent-message-description","$v":"Votre message précédent n’a pas été envoyé. Voulez-vous modifier le message non envoyé ou le supprimer et continuer ?"},{"$i":"unsent-message-option-edit","$v":"Modifier"},{"$i":"unsent-message-option-discard","$v":"Supprimer"},{"$i":"message-options","$v":"Options du message"},{"$i":"forward","$v":"Transférer"},{"$i":"view-message-report","$v":"Voir le rapport du message"},{"$i":"select-text","$v":"Sélectionner le texte"},{"$i":"mobile","$v":"Mobile"},{"$i":"home","$v":"Domicile"},{"$i":"work","$v":"Bureau"},{"$i":"personal","$v":"Personnel"},{"$i":"faxHome","$v":"Fax domicile"},{"$i":"faxOffice","$v":"Fax bureau"},{"$i":"faxOther","$v":"Autre fax"},{"$i":"another","$v":"Autre"},{"$i":"other","$v":"Autre"},{"$i":"today","$v":"aujourd’hui"},{"$i":"yesterday","$v":"hier"},{"$i":"incorrectDate","$v":"(date incorrecte)"},{"$i":"addToExistingContact","$v":"Ajouter à un contact existant"},{"$i":"createNewContact","$v":"Créer un nouveau contact"},{"$i":"viewContact","$v":"Voir le contact"},{"$i":"call","$v":"Appeler"},{"$i":"sendEmail","$v":"Envoyer un courriel"},{"$i":"mms-message","$v":"Message MMS"},{"$i":"notDownloaded-title","$v":"Le message n’a pas encore été téléchargé."},{"$i":"tobedownloaded-attachment","$v":["Vous avez reçu un message multimédia. Vous pouvez utiliser le lien ci-dessous pour télécharger son contenu jusqu’au ",{"t":"idOrVar","v":"date"},"."]},{"$i":"expired-attachment","$v":["Désolé, le message a expiré le ",{"t":"idOrVar","v":"date"}," et ne peut pas être téléchargé."]},{"$i":"download-attachment","$v":"Télécharger"},{"$i":"downloading-attachment","$v":"Téléchargement…"},{"$i":"unnamed-attachment","$v":"sans_titre"},{"$i":"mms-label","$v":"MMS"},{"$i":"attached-files-too-large","$v":{"zero":["Le fichier sélectionné dépasse ",{"t":"idOrVar","v":"mmsSize"}," Ko, la taille maximale pour un message multimédia."],"one":["Le fichier sélectionné dépasse ",{"t":"idOrVar","v":"mmsSize"}," Ko, la taille maximale pour un message multimédia."],"two":["Les fichiers sélectionnés dépassent ",{"t":"idOrVar","v":"mmsSize"}," Ko, la taille maximale pour un message multimédia."],"few":["Les fichiers sélectionnés dépassent ",{"t":"idOrVar","v":"mmsSize"}," Ko, la taille maximale pour un message multimédia."],"many":["Les fichiers sélectionnés dépassent ",{"t":"idOrVar","v":"mmsSize"}," Ko, la taille maximale pour un message multimédia."],"other":["Les fichiers sélectionnés dépassent ",{"t":"idOrVar","v":"mmsSize"}," Ko, la taille maximale pour un message multimédia."]},"$x":[{"t":"idOrVar","v":"plural"},"n"]},{"$i":"resize-image","$v":"Redimensionnement de l’image en pièce jointe"},{"$i":"no-attachment-text","$v":"Il y a un problème avec la pièce jointe, impossible de la télécharger."},{"$i":"message-draft-saved","$v":"Message enregistré en tant que brouillon"},{"$i":"sim-id-label","$v":["SIM ",{"t":"idOrVar","v":"id"}]},{"$i":"sim-detail","$v":["SIM ",{"t":"idOrVar","v":"id"},", ",{"t":"idOrVar","v":"detailString"}]},{"$i":"dsds-notification-title-with-sim","$v":["(",{"t":"idOrVar","v":"sim"},") ",{"t":"idOrVar","v":"sender"}]},{"$i":"send-button","ariaLabel":"Envoyer"},{"$i":"send-button-sim-indication","$v":[{"t":"idOrVar","v":"n"}],"ariaLabel":["en utilisant la SIM ",{"t":"idOrVar","v":"n"}]},{"$i":"expiry-date-format","$v":"%d/%m/%Y"},{"$i":"attach-button","ariaLabel":"Ajouter une pièce jointe"},{"$i":"contact-photo","ariaLabel":"Photo de contact"},{"$i":"unread-thread","ariaLabel":"Non lu"},{"$i":"has-draft","ariaLabel":"Possède un brouillon"},{"$i":"is-draft","ariaLabel":"Brouillon"},{"$i":"message-delivery-status-sending","$v":"Envoi…"},{"$i":"message-delivery-status-delivered","ariaLabel":"Reçu"},{"$i":"message-delivery-status-read","ariaLabel":"Lu"},{"$i":"message-delivery-status-error","ariaLabel":"Erreur"},{"$i":"modal-dialog-ok-button","$v":"OK"},{"$i":"modal-dialog-cancel-button","$v":"Annuler"},{"$i":"modal-dialog-default-title","$v":"Messages"},{"$i":"weekday-0-long","$v":"Dimanche"},{"$i":"weekday-1-long","$v":"Lundi"},{"$i":"weekday-2-long","$v":"Mardi"},{"$i":"weekday-3-long","$v":"Mercredi"},{"$i":"weekday-4-long","$v":"Jeudi"},{"$i":"weekday-5-long","$v":"Vendredi"},{"$i":"weekday-6-long","$v":"Samedi"},{"$i":"weekday-0-short","$v":"dim"},{"$i":"weekday-1-short","$v":"lun"},{"$i":"weekday-2-short","$v":"mar"},{"$i":"weekday-3-short","$v":"mer"},{"$i":"weekday-4-short","$v":"jeu"},{"$i":"weekday-5-short","$v":"ven"},{"$i":"weekday-6-short","$v":"sam"},{"$i":"month-0-long","$v":"Janvier"},{"$i":"month-1-long","$v":"Février"},{"$i":"month-2-long","$v":"Mars"},{"$i":"month-3-long","$v":"Avril"},{"$i":"month-4-long","$v":"Mai"},{"$i":"month-5-long","$v":"Juin"},{"$i":"month-6-long","$v":"Juillet"},{"$i":"month-7-long","$v":"Août"},{"$i":"month-8-long","$v":"Septembre"},{"$i":"month-9-long","$v":"Octobre"},{"$i":"month-10-long","$v":"Novembre"},{"$i":"month-11-long","$v":"Décembre"},{"$i":"month-0-genitive","$v":"janvier"},{"$i":"month-1-genitive","$v":"février"},{"$i":"month-2-genitive","$v":"mars"},{"$i":"month-3-genitive","$v":"avril"},{"$i":"month-4-genitive","$v":"mai"},{"$i":"month-5-genitive","$v":"juin"},{"$i":"month-6-genitive","$v":"juillet"},{"$i":"month-7-genitive","$v":"août"},{"$i":"month-8-genitive","$v":"septembre"},{"$i":"month-9-genitive","$v":"octobre"},{"$i":"month-10-genitive","$v":"novembre"},{"$i":"month-11-genitive","$v":"décembre"},{"$i":"month-0-short","$v":"jan."},{"$i":"month-1-short","$v":"fév."},{"$i":"month-2-short","$v":"mars"},{"$i":"month-3-short","$v":"avr."},{"$i":"month-4-short","$v":"mai"},{"$i":"month-5-short","$v":"juin"},{"$i":"month-6-short","$v":"juil."},{"$i":"month-7-short","$v":"août"},{"$i":"month-8-short","$v":"sep."},{"$i":"month-9-short","$v":"oct."},{"$i":"month-10-short","$v":"nov."},{"$i":"month-11-short","$v":"déc."},{"$i":"minutes-ago-long","$v":{"zero":"à l’instant","one":["il y a ",{"t":"idOrVar","v":"value"}," minute"],"two":["il y a ",{"t":"idOrVar","v":"value"}," minutes"],"few":["il y a ",{"t":"idOrVar","v":"value"}," minutes"],"many":["il y a ",{"t":"idOrVar","v":"value"}," minutes"],"other":["il y a ",{"t":"idOrVar","v":"value"}," minutes"]},"$x":[{"t":"idOrVar","v":"plural"},"value"]},{"$i":"hours-ago-long","$v":{"zero":"à l’instant","one":["il y a ",{"t":"idOrVar","v":"value"}," heure"],"two":["il y a ",{"t":"idOrVar","v":"value"}," heures"],"few":["il y a ",{"t":"idOrVar","v":"value"}," heures"],"many":["il y a ",{"t":"idOrVar","v":"value"}," heures"],"other":["il y a ",{"t":"idOrVar","v":"value"}," heures"]},"$x":[{"t":"idOrVar","v":"plural"},"value"]},{"$i":"days-ago-long","$v":{"zero":"aujourd’hui","one":"hier","two":["il y a ",{"t":"idOrVar","v":"value"}," jours"],"few":["il y a ",{"t":"idOrVar","v":"value"}," jours"],"many":["il y a ",{"t":"idOrVar","v":"value"}," jours"],"other":["il y a ",{"t":"idOrVar","v":"value"}," jours"]},"$x":[{"t":"idOrVar","v":"plural"},"value"]},{"$i":"weeks-ago-long","$v":{"zero":"cette semaine","one":"la semaine dernière","two":["il y a ",{"t":"idOrVar","v":"value"}," semaines"],"few":["il y a ",{"t":"idOrVar","v":"value"}," semaines"],"many":["il y a ",{"t":"idOrVar","v":"value"}," semaines"],"other":["il y a ",{"t":"idOrVar","v":"value"}," semaines"]},"$x":[{"t":"idOrVar","v":"plural"},"value"]},{"$i":"months-ago-long","$v":{"zero":"ce mois-ci","one":"le mois dernier","two":["il y a ",{"t":"idOrVar","v":"value"}," mois"],"few":["il y a ",{"t":"idOrVar","v":"value"}," mois"],"many":["il y a ",{"t":"idOrVar","v":"value"}," mois"],"other":["il y a ",{"t":"idOrVar","v":"value"}," mois"]},"$x":[{"t":"idOrVar","v":"plural"},"value"]},{"$i":"years-ago-long","$v":{"zero":"cette année","one":"l’année dernière","two":["il y a ",{"t":"idOrVar","v":"value"}," ans"],"few":["il y a ",{"t":"idOrVar","v":"value"}," ans"],"many":["il y a ",{"t":"idOrVar","v":"value"}," ans"],"other":["il y a ",{"t":"idOrVar","v":"value"}," ans"]},"$x":[{"t":"idOrVar","v":"plural"},"value"]},{"$i":"minutes-until-long","$v":{"zero":"maintenant","one":["dans ",{"t":"idOrVar","v":"value"}," minute"],"two":["dans ",{"t":"idOrVar","v":"value"}," minutes"],"few":["dans ",{"t":"idOrVar","v":"value"}," minutes"],"many":["dans ",{"t":"idOrVar","v":"value"}," minutes"],"other":["dans ",{"t":"idOrVar","v":"value"}," minutes"]},"$x":[{"t":"idOrVar","v":"plural"},"value"]},{"$i":"hours-until-long","$v":{"zero":"maintenant","one":["dans ",{"t":"idOrVar","v":"value"}," heure"],"two":["dans ",{"t":"idOrVar","v":"value"}," heures"],"few":["dans ",{"t":"idOrVar","v":"value"}," heures"],"many":["dans ",{"t":"idOrVar","v":"value"}," heures"],"other":["dans ",{"t":"idOrVar","v":"value"}," heures"]},"$x":[{"t":"idOrVar","v":"plural"},"value"]},{"$i":"days-until-long","$v":{"zero":"aujourd’hui","one":"demain","two":["dans ",{"t":"idOrVar","v":"value"}," jours"],"few":["dans ",{"t":"idOrVar","v":"value"}," jours"],"many":["dans ",{"t":"idOrVar","v":"value"}," jours"],"other":["dans ",{"t":"idOrVar","v":"value"}," jours"]},"$x":[{"t":"idOrVar","v":"plural"},"value"]},{"$i":"weeks-until-long","$v":{"zero":"cette semaine","one":"la semaine prochaine","two":["dans ",{"t":"idOrVar","v":"value"}," semaines"],"few":["dans ",{"t":"idOrVar","v":"value"}," semaines"],"many":["dans ",{"t":"idOrVar","v":"value"}," semaines"],"other":["dans ",{"t":"idOrVar","v":"value"}," semaines"]},"$x":[{"t":"idOrVar","v":"plural"},"value"]},{"$i":"months-until-long","$v":{"zero":"ce mois-ci","one":"le mois prochain","two":["dans ",{"t":"idOrVar","v":"value"}," mois"],"few":["dans ",{"t":"idOrVar","v":"value"}," mois"],"many":["dans ",{"t":"idOrVar","v":"value"}," mois"],"other":["dans ",{"t":"idOrVar","v":"value"}," mois"]},"$x":[{"t":"idOrVar","v":"plural"},"value"]},{"$i":"years-until-long","$v":{"zero":"cette année","one":"l’année prochaine","two":["dans ",{"t":"idOrVar","v":"value"}," ans"],"few":["dans ",{"t":"idOrVar","v":"value"}," ans"],"many":["dans ",{"t":"idOrVar","v":"value"}," ans"],"other":["dans ",{"t":"idOrVar","v":"value"}," ans"]},"$x":[{"t":"idOrVar","v":"plural"},"value"]},{"$i":"minutes-ago-short","$v":{"zero":"à l’instant","other":["il y a ",{"t":"idOrVar","v":"value"}," min"]},"$x":[{"t":"idOrVar","v":"plural"},"value"]},{"$i":"hours-ago-short","$v":{"zero":"à l’instant","other":["il y a ",{"t":"idOrVar","v":"value"}," h"]},"$x":[{"t":"idOrVar","v":"plural"},"value"]},{"$i":"days-ago-short","$v":{"zero":"aujourd’hui","other":["il y a ",{"t":"idOrVar","v":"value"}," j"]},"$x":[{"t":"idOrVar","v":"plural"},"value"]},{"$i":"minutes-until-short","$v":{"zero":"maintenant","other":["dans ",{"t":"idOrVar","v":"value"}," min"]},"$x":[{"t":"idOrVar","v":"plural"},"value"]},{"$i":"hours-until-short","$v":{"zero":"maintenant","other":["dans ",{"t":"idOrVar","v":"value"}," h"]},"$x":[{"t":"idOrVar","v":"plural"},"value"]},{"$i":"days-until-short","$v":{"zero":"aujourd’hui","other":["dans ",{"t":"idOrVar","v":"value"}," j"]},"$x":[{"t":"idOrVar","v":"plural"},"value"]},{"$i":"dateTimeFormat_%c","$v":"%a %e %b %Y %H:%M:%S"},{"$i":"dateTimeFormat_%x","$v":"%d/%m/%Y"},{"$i":"dateTimeFormat_%X","$v":"%H:%M:%S"},{"$i":"shortTimeFormat","$v":"%H:%M"},{"$i":"shortTimeFormat12","$v":"%I:%M %p"},{"$i":"shortTimeFormat24","$v":"%H:%M"},{"$i":"shortDateTimeFormat","$v":"%x %H:%M"},{"$i":"weekStartsOnMonday","$v":"1"},{"$i":"firstDayOfTheWeek","$v":"1"},{"$i":"time_am","$v":"AM"},{"$i":"time_pm","$v":"PM"},{"$i":"gaia-menu-cancel","$v":"Annuler"},{"$i":"gaia-sim-picker-dial-via-with-number","$v":["Appeler ",{"t":"idOrVar","v":"phoneNumber"}," via"]},{"$i":"gaia-sim-picker-select-sim","$v":"Sélectionner la SIM"},{"$i":"gaia-sim-picker-button","$v":["SIM ",{"t":"idOrVar","v":"n"}]},{"$i":"gaia-sim-picker-button-default","$v":"(par défaut)"}]