[{"$i":"weekday-0-long","$v":"Dimanche"},{"$i":"weekday-1-long","$v":"Lundi"},{"$i":"weekday-2-long","$v":"Mardi"},{"$i":"weekday-3-long","$v":"Mercredi"},{"$i":"weekday-4-long","$v":"Jeudi"},{"$i":"weekday-5-long","$v":"Vendredi"},{"$i":"weekday-6-long","$v":"Samedi"},{"$i":"weekday-0-short","$v":"dim"},{"$i":"weekday-1-short","$v":"lun"},{"$i":"weekday-2-short","$v":"mar"},{"$i":"weekday-3-short","$v":"mer"},{"$i":"weekday-4-short","$v":"jeu"},{"$i":"weekday-5-short","$v":"ven"},{"$i":"weekday-6-short","$v":"sam"},{"$i":"month-0-long","$v":"Janvier"},{"$i":"month-1-long","$v":"Février"},{"$i":"month-2-long","$v":"Mars"},{"$i":"month-3-long","$v":"Avril"},{"$i":"month-4-long","$v":"Mai"},{"$i":"month-5-long","$v":"Juin"},{"$i":"month-6-long","$v":"Juillet"},{"$i":"month-7-long","$v":"Août"},{"$i":"month-8-long","$v":"Septembre"},{"$i":"month-9-long","$v":"Octobre"},{"$i":"month-10-long","$v":"Novembre"},{"$i":"month-11-long","$v":"Décembre"},{"$i":"month-0-genitive","$v":"janvier"},{"$i":"month-1-genitive","$v":"février"},{"$i":"month-2-genitive","$v":"mars"},{"$i":"month-3-genitive","$v":"avril"},{"$i":"month-4-genitive","$v":"mai"},{"$i":"month-5-genitive","$v":"juin"},{"$i":"month-6-genitive","$v":"juillet"},{"$i":"month-7-genitive","$v":"août"},{"$i":"month-8-genitive","$v":"septembre"},{"$i":"month-9-genitive","$v":"octobre"},{"$i":"month-10-genitive","$v":"novembre"},{"$i":"month-11-genitive","$v":"décembre"},{"$i":"month-0-short","$v":"jan."},{"$i":"month-1-short","$v":"fév."},{"$i":"month-2-short","$v":"mars"},{"$i":"month-3-short","$v":"avr."},{"$i":"month-4-short","$v":"mai"},{"$i":"month-5-short","$v":"juin"},{"$i":"month-6-short","$v":"juil."},{"$i":"month-7-short","$v":"août"},{"$i":"month-8-short","$v":"sep."},{"$i":"month-9-short","$v":"oct."},{"$i":"month-10-short","$v":"nov."},{"$i":"month-11-short","$v":"déc."},{"$i":"minutes-ago-long","$v":{"zero":"à l’instant","one":["il y a ",{"t":"idOrVar","v":"value"}," minute"],"two":["il y a ",{"t":"idOrVar","v":"value"}," minutes"],"few":["il y a ",{"t":"idOrVar","v":"value"}," minutes"],"many":["il y a ",{"t":"idOrVar","v":"value"}," minutes"],"other":["il y a ",{"t":"idOrVar","v":"value"}," minutes"]},"$x":[{"t":"idOrVar","v":"plural"},"value"]},{"$i":"hours-ago-long","$v":{"zero":"à l’instant","one":["il y a ",{"t":"idOrVar","v":"value"}," heure"],"two":["il y a ",{"t":"idOrVar","v":"value"}," heures"],"few":["il y a ",{"t":"idOrVar","v":"value"}," heures"],"many":["il y a ",{"t":"idOrVar","v":"value"}," heures"],"other":["il y a ",{"t":"idOrVar","v":"value"}," heures"]},"$x":[{"t":"idOrVar","v":"plural"},"value"]},{"$i":"days-ago-long","$v":{"zero":"aujourd’hui","one":"hier","two":["il y a ",{"t":"idOrVar","v":"value"}," jours"],"few":["il y a ",{"t":"idOrVar","v":"value"}," jours"],"many":["il y a ",{"t":"idOrVar","v":"value"}," jours"],"other":["il y a ",{"t":"idOrVar","v":"value"}," jours"]},"$x":[{"t":"idOrVar","v":"plural"},"value"]},{"$i":"weeks-ago-long","$v":{"zero":"cette semaine","one":"la semaine dernière","two":["il y a ",{"t":"idOrVar","v":"value"}," semaines"],"few":["il y a ",{"t":"idOrVar","v":"value"}," semaines"],"many":["il y a ",{"t":"idOrVar","v":"value"}," semaines"],"other":["il y a ",{"t":"idOrVar","v":"value"}," semaines"]},"$x":[{"t":"idOrVar","v":"plural"},"value"]},{"$i":"months-ago-long","$v":{"zero":"ce mois-ci","one":"le mois dernier","two":["il y a ",{"t":"idOrVar","v":"value"}," mois"],"few":["il y a ",{"t":"idOrVar","v":"value"}," mois"],"many":["il y a ",{"t":"idOrVar","v":"value"}," mois"],"other":["il y a ",{"t":"idOrVar","v":"value"}," mois"]},"$x":[{"t":"idOrVar","v":"plural"},"value"]},{"$i":"years-ago-long","$v":{"zero":"cette année","one":"l’année dernière","two":["il y a ",{"t":"idOrVar","v":"value"}," ans"],"few":["il y a ",{"t":"idOrVar","v":"value"}," ans"],"many":["il y a ",{"t":"idOrVar","v":"value"}," ans"],"other":["il y a ",{"t":"idOrVar","v":"value"}," ans"]},"$x":[{"t":"idOrVar","v":"plural"},"value"]},{"$i":"minutes-until-long","$v":{"zero":"maintenant","one":["dans ",{"t":"idOrVar","v":"value"}," minute"],"two":["dans ",{"t":"idOrVar","v":"value"}," minutes"],"few":["dans ",{"t":"idOrVar","v":"value"}," minutes"],"many":["dans ",{"t":"idOrVar","v":"value"}," minutes"],"other":["dans ",{"t":"idOrVar","v":"value"}," minutes"]},"$x":[{"t":"idOrVar","v":"plural"},"value"]},{"$i":"hours-until-long","$v":{"zero":"maintenant","one":["dans ",{"t":"idOrVar","v":"value"}," heure"],"two":["dans ",{"t":"idOrVar","v":"value"}," heures"],"few":["dans ",{"t":"idOrVar","v":"value"}," heures"],"many":["dans ",{"t":"idOrVar","v":"value"}," heures"],"other":["dans ",{"t":"idOrVar","v":"value"}," heures"]},"$x":[{"t":"idOrVar","v":"plural"},"value"]},{"$i":"days-until-long","$v":{"zero":"aujourd’hui","one":"demain","two":["dans ",{"t":"idOrVar","v":"value"}," jours"],"few":["dans ",{"t":"idOrVar","v":"value"}," jours"],"many":["dans ",{"t":"idOrVar","v":"value"}," jours"],"other":["dans ",{"t":"idOrVar","v":"value"}," jours"]},"$x":[{"t":"idOrVar","v":"plural"},"value"]},{"$i":"weeks-until-long","$v":{"zero":"cette semaine","one":"la semaine prochaine","two":["dans ",{"t":"idOrVar","v":"value"}," semaines"],"few":["dans ",{"t":"idOrVar","v":"value"}," semaines"],"many":["dans ",{"t":"idOrVar","v":"value"}," semaines"],"other":["dans ",{"t":"idOrVar","v":"value"}," semaines"]},"$x":[{"t":"idOrVar","v":"plural"},"value"]},{"$i":"months-until-long","$v":{"zero":"ce mois-ci","one":"le mois prochain","two":["dans ",{"t":"idOrVar","v":"value"}," mois"],"few":["dans ",{"t":"idOrVar","v":"value"}," mois"],"many":["dans ",{"t":"idOrVar","v":"value"}," mois"],"other":["dans ",{"t":"idOrVar","v":"value"}," mois"]},"$x":[{"t":"idOrVar","v":"plural"},"value"]},{"$i":"years-until-long","$v":{"zero":"cette année","one":"l’année prochaine","two":["dans ",{"t":"idOrVar","v":"value"}," ans"],"few":["dans ",{"t":"idOrVar","v":"value"}," ans"],"many":["dans ",{"t":"idOrVar","v":"value"}," ans"],"other":["dans ",{"t":"idOrVar","v":"value"}," ans"]},"$x":[{"t":"idOrVar","v":"plural"},"value"]},{"$i":"minutes-ago-short","$v":{"zero":"à l’instant","other":["il y a ",{"t":"idOrVar","v":"value"}," min"]},"$x":[{"t":"idOrVar","v":"plural"},"value"]},{"$i":"hours-ago-short","$v":{"zero":"à l’instant","other":["il y a ",{"t":"idOrVar","v":"value"}," h"]},"$x":[{"t":"idOrVar","v":"plural"},"value"]},{"$i":"days-ago-short","$v":{"zero":"aujourd’hui","other":["il y a ",{"t":"idOrVar","v":"value"}," j"]},"$x":[{"t":"idOrVar","v":"plural"},"value"]},{"$i":"minutes-until-short","$v":{"zero":"maintenant","other":["dans ",{"t":"idOrVar","v":"value"}," min"]},"$x":[{"t":"idOrVar","v":"plural"},"value"]},{"$i":"hours-until-short","$v":{"zero":"maintenant","other":["dans ",{"t":"idOrVar","v":"value"}," h"]},"$x":[{"t":"idOrVar","v":"plural"},"value"]},{"$i":"days-until-short","$v":{"zero":"aujourd’hui","other":["dans ",{"t":"idOrVar","v":"value"}," j"]},"$x":[{"t":"idOrVar","v":"plural"},"value"]},{"$i":"incorrectDate","$v":"(date incorrecte)"},{"$i":"dateTimeFormat_%c","$v":"%a %e %b %Y %H:%M:%S"},{"$i":"dateTimeFormat_%x","$v":"%d/%m/%Y"},{"$i":"dateTimeFormat_%X","$v":"%H:%M:%S"},{"$i":"shortTimeFormat","$v":"%H:%M"},{"$i":"shortTimeFormat12","$v":"%I:%M %p"},{"$i":"shortTimeFormat24","$v":"%H:%M"},{"$i":"shortDateTimeFormat","$v":"%x %H:%M"},{"$i":"weekStartsOnMonday","$v":"1"},{"$i":"firstDayOfTheWeek","$v":"1"},{"$i":"time_am","$v":"AM"},{"$i":"time_pm","$v":"PM"},{"$i":"stopped_download_title","$v":"Téléchargement arrêté"},{"$i":"stopped_download_message","$v":"Le téléchargement a été arrêté. Voulez-vous relancer le téléchargement ?"},{"$i":"stopped_download_left_button","$v":"Annuler"},{"$i":"stopped_download_right_button","$v":"Relancer"},{"$i":"failed_download_title","$v":"Le téléchargement a échoué"},{"$i":"failed_download_message","$v":["Le téléchargement de ",{"t":"idOrVar","v":"name"}," a échoué. Voulez-vous relancer le téléchargement ?"]},{"$i":"failed_download_left_button","$v":"Annuler"},{"$i":"failed_download_right_button","$v":"Relancer"},{"$i":"stop_download_title","$v":"Arrêter le téléchargement"},{"$i":"stop_download_message","$v":"Voulez-vous vraiment arrêter le téléchargement ?"},{"$i":"stop_download_left_button","$v":"Non"},{"$i":"stop_download_right_button","$v":"Oui"},{"$i":"delete_download_title","$v":"Suppression"},{"$i":"delete_download_message","$v":["Supprimer ",{"t":"idOrVar","v":"name"}," ?"]},{"$i":"delete_download_left_button","$v":"Annuler"},{"$i":"delete_download_right_button","$v":"Supprimer"},{"$i":"delete_all_download_title","$v":"Suppression"},{"$i":"delete_all_download_left_button","$v":"Annuler"},{"$i":"delete_all_download_right_button","$v":"Supprimer"},{"$i":"delete_all_download_message","$v":{"zero":"Ne supprimer aucun fichier ?","one":"Supprimer le fichier ?","two":["Supprimer ",{"t":"idOrVar","v":"number"}," fichiers ?"],"few":["Supprimer ",{"t":"idOrVar","v":"number"}," fichiers ?"],"many":["Supprimer ",{"t":"idOrVar","v":"number"}," fichiers ?"],"other":["Supprimer ",{"t":"idOrVar","v":"number"}," fichiers ?"]},"$x":[{"t":"idOrVar","v":"plural"},"number"]},{"$i":"unsupported_file_type_download_title","$v":"Ouverture impossible"},{"$i":"unsupported_file_type_download_message","$v":["Aucune application n’est capable d’ouvrir ",{"t":"idOrVar","v":"name"},". Voulez-vous conserver le fichier ou le supprimer ?"]},{"$i":"unsupported_file_type_download_left_button","$v":"Conserver"},{"$i":"unsupported_file_type_download_right_button","$v":"Supprimer"},{"$i":"file_not_found_download_title","$v":"Fichier introuvable"},{"$i":"file_not_found_download_message","$v":"Le fichier est introuvable sur l’appareil"},{"$i":"file_not_found_download_right_button","$v":"OK"},{"$i":"unmounted_sdcard_2_download_title","$v":"Carte mémoire utilisée"},{"$i":"unmounted_sdcard_2_download_message","$v":"Veuillez débrancher le téléphone"},{"$i":"unmounted_sdcard_2_download_right_button","$v":"OK"},{"$i":"no_provider_download_title","$v":"Partage impossible"},{"$i":"no_provider_download_message","$v":"Aucun service disponible"},{"$i":"no_provider_download_right_button","$v":"OK"},{"$i":"no_memory_download_title","$v":"Carte SD pleine"},{"$i":"no_memory_download_message","$v":"Il n’y a plus assez de place sur votre carte SD pour enregistrer votre téléchargement. Veuillez supprimer quelques fichiers avant de relancer le téléchargement."},{"$i":"no_memory_download_right_button","$v":"OK"},{"$i":"no_sdcard_found_2_download_title","$v":"Aucune carte mémoire"},{"$i":"no_sdcard_found_2_download_message","$v":"Insérez une carte mémoire ou sélectionnez dans les paramètres un autre emplacement par défaut pour les médias"},{"$i":"no_sdcard_found_2_download_right_button","$v":"OK"},{"$i":"file_open_error_download_title","$v":"Ouverture impossible"},{"$i":"file_open_error_download_message","$v":["Un problème est survenu lors de l’ouverture de ",{"t":"idOrVar","v":"name"},". Voulez-vous conserver le fichier ou le supprimer ?"]},{"$i":"file_open_error_download_left_button","$v":"Conserver"},{"$i":"file_open_error_download_right_button","$v":"Supprimer"},{"$i":"restart_download_error","$v":"Une erreur s’est produite lors de la reprise du téléchargement. Veuillez relancer le téléchargement."},{"$i":"no-downloads","$v":"Aucun téléchargement"},{"$i":"byteUnit-B","$v":"o"},{"$i":"byteUnit-KB","$v":"Ko"},{"$i":"byteUnit-MB","$v":"Mo"},{"$i":"byteUnit-GB","$v":"Go"},{"$i":"byteUnit-TB","$v":"To"},{"$i":"fileSize","$v":[{"t":"idOrVar","v":"size"}," ",{"t":"idOrVar","v":"unit"}]},{"$i":"percentage","$v":[{"t":"idOrVar","v":"percentage"}," %"]},{"$i":"partialResult","$v":[{"t":"idOrVar","v":"partial"}," sur ",{"t":"idOrVar","v":"total"}]},{"$i":"summary","$v":[{"t":"idOrVar","v":"date"}," - ",{"t":"idOrVar","v":"status"}]},{"$i":"download-stopped","$v":"Arrêté"},{"$i":"download-failed","$v":"Le téléchargement a échoué"},{"$i":"open_downloaded_file","$v":"Ouvrir"},{"$i":"share_downloaded_file","$v":"Partager"},{"$i":"wallpaper_downloaded_file","$v":"Définir comme fond d’écran"},{"$i":"ringtone_downloaded_file","$v":"Définir comme sonnerie"},{"$i":"cancel_downloaded_file","$v":"Annuler"},{"$i":"select-download","$v":"Sélectionner téléchargement"}]