[{"$i":"ok","$v":"OK"},{"$i":"download-button","$v":"Télécharger"},{"$i":"install-button","$v":"Installer"},{"$i":"cancel-button","$v":"Annuler"},{"$i":"download_error","$v":"Erreur de téléchargement"},{"$i":"install_error","$v":"Erreur d’installation"},{"$i":"err_descriptor_download_failed","$v":"Le téléchargement a échoué à cause d’une erreur du serveur."},{"$i":"err_bad_descriptor","$v":"Le téléchargement a échoué à cause d’une erreur du serveur."},{"$i":"err_too_big","$v":"Le fichier à télécharger est trop volumineux."},{"$i":"err_unsupported_type","$v":"Le type du média acheté n’est pas pris en charge par votre téléphone."},{"$i":"err_bad_type","$v":"Le téléchargement a échoué à cause d’une erreur du serveur."},{"$i":"err_content_download_failed","$v":"Le téléchargement a échoué à cause d’une erreur du serveur."},{"$i":"err_bad_drm_message","$v":"Le téléchargement a échoué à cause d’une erreur du serveur."},{"$i":"err_bad_image","$v":"L’image téléchargée ne peut pas être affichée sur cet appareil."},{"$i":"err_bad_audio","$v":"Le fichier téléchargé ne peut pas être lu sur cet appareil."},{"$i":"err_no_space","$v":"L’espace de stockage de votre appareil est insuffisant pour enregistrer cette chanson."},{"$i":"err_no_sdcard","$v":"Impossible d’enregistrer la chanson car il n’y a pas de carte mémoire."},{"$i":"err_sdcard_in_use","$v":"Impossible d’enregistrer la chanson car la carte mémoire est utilisée. Débranchez votre téléphone puis essayez de la télécharger à nouveau."},{"$i":"err_ds_save_failure","$v":"Erreur lors de l’enregistrement du fichier média."},{"$i":"err_db_store_failure","$v":"Erreur lors de l’enregistrement du fichier média."},{"$i":"success_song","$v":"Chanson téléchargée et installée. Utilisez l’application Musique pour l’écouter."},{"$i":"success_ringtone","$v":"Sonnerie téléchargée et installée."},{"$i":"success_wallpaper","$v":"Fond d’écran téléchargé et installé."},{"$i":"ringtone-or-song-question","$v":"Voulez-vous installer ce fichier audio en tant que chanson ou bien en tant que sonnerie ?"},{"$i":"ringtone-response","$v":"Sonnerie"},{"$i":"song-response","$v":"Chanson"},{"$i":"download-confirmation-title-song","$v":"Télécharger la chanson ?"},{"$i":"download-confirmation-title-ringtone","$v":"Télécharger la sonnerie ?"},{"$i":"download-confirmation-title-wallpaper","$v":"Télécharger le fond d’écran ?"},{"$i":"downloading-song","$v":"Téléchargement de la chanson…"},{"$i":"downloading-ringtone","$v":"Téléchargement de la sonnerie…"},{"$i":"downloading-wallpaper","$v":"Téléchargement du fond d’écran…"},{"$i":"locked-content-advisory","$v":[{"t":"idOrVar","v":"vendor"}," a verrouillé ce fichier média afin qu’il ne puisse pas être partagé ou transféré sur un nouvel appareil."]},{"$i":"locked-content-advisory-generic","$v":"Le marchand a verrouillé ce fichier média afin qu’il ne puisse pas être partagé ou transféré sur un nouvel appareil."},{"$i":"download-confirmation-name","$v":"Nom"},{"$i":"download-confirmation-type","$v":"Type"},{"$i":"download-confirmation-size","$v":"Taille"},{"$i":"download-confirmation-vendor","$v":"Marchand"},{"$i":"download-confirmation-description","$v":"Informations"},{"$i":"download-progress-title","$v":"Téléchargement en cours"},{"$i":"preview-image-title","$v":"Aperçu image"},{"$i":"preview-audio-title","$v":"Aperçu audio"},{"$i":"byteUnit-B","$v":"octets"},{"$i":"byteUnit-KB","$v":"Ko"},{"$i":"byteUnit-MB","$v":"Mo"},{"$i":"byteUnit-GB","$v":"Go"},{"$i":"done","$v":"Terminé"},{"$i":"pick-ringtone","$v":"Choisir sonnerie"},{"$i":"pick-wallpaper","$v":"Choisir fond d’écran"},{"$i":"no-installed-ringtones","$v":"Aucune sonnerie verrouillée n’est installée"},{"$i":"no-installed-wallpaper","$v":"Aucun fond d’écran verrouillé n’est installé"}]