[{"$i":"weekday-0-long","$v":"Dimanche"},{"$i":"weekday-1-long","$v":"Lundi"},{"$i":"weekday-2-long","$v":"Mardi"},{"$i":"weekday-3-long","$v":"Mercredi"},{"$i":"weekday-4-long","$v":"Jeudi"},{"$i":"weekday-5-long","$v":"Vendredi"},{"$i":"weekday-6-long","$v":"Samedi"},{"$i":"weekday-0-short","$v":"dim"},{"$i":"weekday-1-short","$v":"lun"},{"$i":"weekday-2-short","$v":"mar"},{"$i":"weekday-3-short","$v":"mer"},{"$i":"weekday-4-short","$v":"jeu"},{"$i":"weekday-5-short","$v":"ven"},{"$i":"weekday-6-short","$v":"sam"},{"$i":"month-0-long","$v":"Janvier"},{"$i":"month-1-long","$v":"Février"},{"$i":"month-2-long","$v":"Mars"},{"$i":"month-3-long","$v":"Avril"},{"$i":"month-4-long","$v":"Mai"},{"$i":"month-5-long","$v":"Juin"},{"$i":"month-6-long","$v":"Juillet"},{"$i":"month-7-long","$v":"Août"},{"$i":"month-8-long","$v":"Septembre"},{"$i":"month-9-long","$v":"Octobre"},{"$i":"month-10-long","$v":"Novembre"},{"$i":"month-11-long","$v":"Décembre"},{"$i":"month-0-genitive","$v":"janvier"},{"$i":"month-1-genitive","$v":"février"},{"$i":"month-2-genitive","$v":"mars"},{"$i":"month-3-genitive","$v":"avril"},{"$i":"month-4-genitive","$v":"mai"},{"$i":"month-5-genitive","$v":"juin"},{"$i":"month-6-genitive","$v":"juillet"},{"$i":"month-7-genitive","$v":"août"},{"$i":"month-8-genitive","$v":"septembre"},{"$i":"month-9-genitive","$v":"octobre"},{"$i":"month-10-genitive","$v":"novembre"},{"$i":"month-11-genitive","$v":"décembre"},{"$i":"month-0-short","$v":"jan."},{"$i":"month-1-short","$v":"fév."},{"$i":"month-2-short","$v":"mars"},{"$i":"month-3-short","$v":"avr."},{"$i":"month-4-short","$v":"mai"},{"$i":"month-5-short","$v":"juin"},{"$i":"month-6-short","$v":"juil."},{"$i":"month-7-short","$v":"août"},{"$i":"month-8-short","$v":"sep."},{"$i":"month-9-short","$v":"oct."},{"$i":"month-10-short","$v":"nov."},{"$i":"month-11-short","$v":"déc."},{"$i":"minutes-ago-long","$v":{"zero":"à l’instant","one":["il y a ",{"t":"idOrVar","v":"value"}," minute"],"two":["il y a ",{"t":"idOrVar","v":"value"}," minutes"],"few":["il y a ",{"t":"idOrVar","v":"value"}," minutes"],"many":["il y a ",{"t":"idOrVar","v":"value"}," minutes"],"other":["il y a ",{"t":"idOrVar","v":"value"}," minutes"]},"$x":[{"t":"idOrVar","v":"plural"},"value"]},{"$i":"hours-ago-long","$v":{"zero":"à l’instant","one":["il y a ",{"t":"idOrVar","v":"value"}," heure"],"two":["il y a ",{"t":"idOrVar","v":"value"}," heures"],"few":["il y a ",{"t":"idOrVar","v":"value"}," heures"],"many":["il y a ",{"t":"idOrVar","v":"value"}," heures"],"other":["il y a ",{"t":"idOrVar","v":"value"}," heures"]},"$x":[{"t":"idOrVar","v":"plural"},"value"]},{"$i":"days-ago-long","$v":{"zero":"aujourd’hui","one":"hier","two":["il y a ",{"t":"idOrVar","v":"value"}," jours"],"few":["il y a ",{"t":"idOrVar","v":"value"}," jours"],"many":["il y a ",{"t":"idOrVar","v":"value"}," jours"],"other":["il y a ",{"t":"idOrVar","v":"value"}," jours"]},"$x":[{"t":"idOrVar","v":"plural"},"value"]},{"$i":"weeks-ago-long","$v":{"zero":"cette semaine","one":"la semaine dernière","two":["il y a ",{"t":"idOrVar","v":"value"}," semaines"],"few":["il y a ",{"t":"idOrVar","v":"value"}," semaines"],"many":["il y a ",{"t":"idOrVar","v":"value"}," semaines"],"other":["il y a ",{"t":"idOrVar","v":"value"}," semaines"]},"$x":[{"t":"idOrVar","v":"plural"},"value"]},{"$i":"months-ago-long","$v":{"zero":"ce mois-ci","one":"le mois dernier","two":["il y a ",{"t":"idOrVar","v":"value"}," mois"],"few":["il y a ",{"t":"idOrVar","v":"value"}," mois"],"many":["il y a ",{"t":"idOrVar","v":"value"}," mois"],"other":["il y a ",{"t":"idOrVar","v":"value"}," mois"]},"$x":[{"t":"idOrVar","v":"plural"},"value"]},{"$i":"years-ago-long","$v":{"zero":"cette année","one":"l’année dernière","two":["il y a ",{"t":"idOrVar","v":"value"}," ans"],"few":["il y a ",{"t":"idOrVar","v":"value"}," ans"],"many":["il y a ",{"t":"idOrVar","v":"value"}," ans"],"other":["il y a ",{"t":"idOrVar","v":"value"}," ans"]},"$x":[{"t":"idOrVar","v":"plural"},"value"]},{"$i":"minutes-until-long","$v":{"zero":"maintenant","one":["dans ",{"t":"idOrVar","v":"value"}," minute"],"two":["dans ",{"t":"idOrVar","v":"value"}," minutes"],"few":["dans ",{"t":"idOrVar","v":"value"}," minutes"],"many":["dans ",{"t":"idOrVar","v":"value"}," minutes"],"other":["dans ",{"t":"idOrVar","v":"value"}," minutes"]},"$x":[{"t":"idOrVar","v":"plural"},"value"]},{"$i":"hours-until-long","$v":{"zero":"maintenant","one":["dans ",{"t":"idOrVar","v":"value"}," heure"],"two":["dans ",{"t":"idOrVar","v":"value"}," heures"],"few":["dans ",{"t":"idOrVar","v":"value"}," heures"],"many":["dans ",{"t":"idOrVar","v":"value"}," heures"],"other":["dans ",{"t":"idOrVar","v":"value"}," heures"]},"$x":[{"t":"idOrVar","v":"plural"},"value"]},{"$i":"days-until-long","$v":{"zero":"aujourd’hui","one":"demain","two":["dans ",{"t":"idOrVar","v":"value"}," jours"],"few":["dans ",{"t":"idOrVar","v":"value"}," jours"],"many":["dans ",{"t":"idOrVar","v":"value"}," jours"],"other":["dans ",{"t":"idOrVar","v":"value"}," jours"]},"$x":[{"t":"idOrVar","v":"plural"},"value"]},{"$i":"weeks-until-long","$v":{"zero":"cette semaine","one":"la semaine prochaine","two":["dans ",{"t":"idOrVar","v":"value"}," semaines"],"few":["dans ",{"t":"idOrVar","v":"value"}," semaines"],"many":["dans ",{"t":"idOrVar","v":"value"}," semaines"],"other":["dans ",{"t":"idOrVar","v":"value"}," semaines"]},"$x":[{"t":"idOrVar","v":"plural"},"value"]},{"$i":"months-until-long","$v":{"zero":"ce mois-ci","one":"le mois prochain","two":["dans ",{"t":"idOrVar","v":"value"}," mois"],"few":["dans ",{"t":"idOrVar","v":"value"}," mois"],"many":["dans ",{"t":"idOrVar","v":"value"}," mois"],"other":["dans ",{"t":"idOrVar","v":"value"}," mois"]},"$x":[{"t":"idOrVar","v":"plural"},"value"]},{"$i":"years-until-long","$v":{"zero":"cette année","one":"l’année prochaine","two":["dans ",{"t":"idOrVar","v":"value"}," ans"],"few":["dans ",{"t":"idOrVar","v":"value"}," ans"],"many":["dans ",{"t":"idOrVar","v":"value"}," ans"],"other":["dans ",{"t":"idOrVar","v":"value"}," ans"]},"$x":[{"t":"idOrVar","v":"plural"},"value"]},{"$i":"minutes-ago-short","$v":{"zero":"à l’instant","other":["il y a ",{"t":"idOrVar","v":"value"}," min"]},"$x":[{"t":"idOrVar","v":"plural"},"value"]},{"$i":"hours-ago-short","$v":{"zero":"à l’instant","other":["il y a ",{"t":"idOrVar","v":"value"}," h"]},"$x":[{"t":"idOrVar","v":"plural"},"value"]},{"$i":"days-ago-short","$v":{"zero":"aujourd’hui","other":["il y a ",{"t":"idOrVar","v":"value"}," j"]},"$x":[{"t":"idOrVar","v":"plural"},"value"]},{"$i":"minutes-until-short","$v":{"zero":"maintenant","other":["dans ",{"t":"idOrVar","v":"value"}," min"]},"$x":[{"t":"idOrVar","v":"plural"},"value"]},{"$i":"hours-until-short","$v":{"zero":"maintenant","other":["dans ",{"t":"idOrVar","v":"value"}," h"]},"$x":[{"t":"idOrVar","v":"plural"},"value"]},{"$i":"days-until-short","$v":{"zero":"aujourd’hui","other":["dans ",{"t":"idOrVar","v":"value"}," j"]},"$x":[{"t":"idOrVar","v":"plural"},"value"]},{"$i":"incorrectDate","$v":"(date incorrecte)"},{"$i":"dateTimeFormat_%c","$v":"%a %e %b %Y %H:%M:%S"},{"$i":"dateTimeFormat_%x","$v":"%d/%m/%Y"},{"$i":"dateTimeFormat_%X","$v":"%H:%M:%S"},{"$i":"shortTimeFormat","$v":"%H:%M"},{"$i":"shortTimeFormat12","$v":"%I:%M %p"},{"$i":"shortTimeFormat24","$v":"%H:%M"},{"$i":"shortDateTimeFormat","$v":"%x %H:%M"},{"$i":"weekStartsOnMonday","$v":"1"},{"$i":"firstDayOfTheWeek","$v":"1"},{"$i":"time_am","$v":"AM"},{"$i":"time_pm","$v":"PM"},{"$i":"reset","$v":"Remettre à zéro"},{"$i":"start","$v":"Démarrer"},{"$i":"stop","$v":"Arrêter"},{"$i":"cancel","$v":"Annuler"},{"$i":"hour","$v":"Heure"},{"$i":"hours","$v":"Heures"},{"$i":"minute","$v":"Minute"},{"$i":"minutes","$v":"Minutes"},{"$i":"alarm","$v":"Alarme"},{"$i":"timer","$v":"Minuteur"},{"$i":"stopwatch","$v":"Chronomètre"},{"$i":"alarmName","placeholder":"Nom de l’alarme"},{"$i":"newAlarm","$v":"Nouvelle alarme"},{"$i":"editAlarm","$v":"Modifier l’alarme"},{"$i":"pause","$v":"Pause"},{"$i":"resume","$v":"Reprendre"},{"$i":"lap","$v":"Tour"},{"$i":"lap-number","$v":["Tour ",{"t":"idOrVar","v":"n"}]},{"$i":"delete","$v":"Supprimer"},{"$i":"time","$v":"Heure"},{"$i":"snooze-label","$v":"Rappel"},{"$i":"snooze-button","$v":"Reporter"},{"$i":"repeat","$v":"Répétition"},{"$i":"vibrate","$v":"Vibreur"},{"$i":"close","$v":"Arrêter"},{"$i":"save","$v":"Enregistrer"},{"$i":"done","$v":"Terminé"},{"$i":"closeButton","ariaLabel":"Fermer"},{"$i":"newAlarmButton","ariaLabel":"Nouvelle alarme"},{"$i":"alarm-volume-label","$v":"Volume de l’alarme système"},{"$i":"sound","$v":"Sonnerie"},{"$i":"noSound","$v":"Aucune sonnerie"},{"$i":"everyday","$v":"Tous les jours"},{"$i":"weekdays","$v":"Les jours de la semaine"},{"$i":"weekends","$v":"Les weekends"},{"$i":"never","$v":"Jamais"},{"$i":"vibrateOn","$v":"Activé"},{"$i":"vibrateOff","$v":"Désactivé"},{"$i":"plusMinute","$v":"+1 min"},{"$i":"dateFormat","$v":"%A %e %Eb"},{"$i":"countdown-lessThanAnHour","$v":["L’alarme est réglée pour dans <strong>",{"t":"idOrVar","v":"minutes"},"</strong>."]},{"$i":"countdown-moreThanAnHour","$v":["L’alarme est réglée pour dans ",{"t":"idOrVar","v":"hours"}," ",{"t":"idOrVar","v":"minutes"},"."]},{"$i":"countdown-moreThanADay","$v":["L’alarme est réglée pour dans ",{"t":"idOrVar","v":"days"}," ",{"t":"idOrVar","v":"hours"},"."]},{"$i":"nMinutes","$v":{"zero":"moins d’une minute","one":"une minute","two":[{"t":"idOrVar","v":"n"}," minutes"],"few":[{"t":"idOrVar","v":"n"}," minutes"],"many":[{"t":"idOrVar","v":"n"}," minutes"],"other":[{"t":"idOrVar","v":"n"}," minutes"]},"$x":[{"t":"idOrVar","v":"plural"},"n"]},{"$i":"nHours","$v":{"one":["<strong>",{"t":"idOrVar","v":"n"}," heure</strong>"],"two":["<strong>",{"t":"idOrVar","v":"n"}," heures</strong>"],"few":["<strong>",{"t":"idOrVar","v":"n"}," heures</strong>"],"many":["<strong>",{"t":"idOrVar","v":"n"}," heures</strong>"],"other":["<strong>",{"t":"idOrVar","v":"n"}," heures</strong>"]},"$x":[{"t":"idOrVar","v":"plural"},"n"]},{"$i":"nAndRemainHours","$v":{"one":["et <strong>",{"t":"idOrVar","v":"n"}," heure</strong>"],"two":["et <strong>",{"t":"idOrVar","v":"n"}," heures</strong>"],"few":["et <strong>",{"t":"idOrVar","v":"n"}," heures</strong>"],"many":["et <strong>",{"t":"idOrVar","v":"n"}," heures</strong>"],"other":["et <strong>",{"t":"idOrVar","v":"n"}," heures</strong>"]},"$x":[{"t":"idOrVar","v":"plural"},"n"]},{"$i":"nRemainDays","$v":{"one":["<strong>",{"t":"idOrVar","v":"n"}," jour</strong>"],"two":["<strong>",{"t":"idOrVar","v":"n"}," jours</strong>"],"few":["<strong>",{"t":"idOrVar","v":"n"}," jours</strong>"],"many":["<strong>",{"t":"idOrVar","v":"n"}," jours</strong>"],"other":["<strong>",{"t":"idOrVar","v":"n"}," jours</strong>"]},"$x":[{"t":"idOrVar","v":"plural"},"n"]},{"$i":"nRemainMinutes","$v":{"one":["et <strong>",{"t":"idOrVar","v":"n"}," minute</strong>"],"two":["et <strong>",{"t":"idOrVar","v":"n"}," minutes</strong>"],"few":["et <strong>",{"t":"idOrVar","v":"n"}," minutes</strong>"],"many":["et <strong>",{"t":"idOrVar","v":"n"}," minutes</strong>"],"other":["et <strong>",{"t":"idOrVar","v":"n"}," minutes</strong>"]},"$x":[{"t":"idOrVar","v":"plural"},"n"]},{"$i":"nSpinnerSeconds","$v":{"zero":"zéro secondes","one":"une seconde","two":[{"t":"idOrVar","v":"n"}," secondes"],"few":[{"t":"idOrVar","v":"n"}," secondes"],"many":[{"t":"idOrVar","v":"n"}," secondes"],"other":[{"t":"idOrVar","v":"n"}," secondes"]},"$x":[{"t":"idOrVar","v":"plural"},"n"]},{"$i":"nSpinnerMinutes","$v":{"zero":"zéro minutes","one":"une minute","two":[{"t":"idOrVar","v":"n"}," minutes"],"few":[{"t":"idOrVar","v":"n"}," minutes"],"many":[{"t":"idOrVar","v":"n"}," minutes"],"other":[{"t":"idOrVar","v":"n"}," minutes"]},"$x":[{"t":"idOrVar","v":"plural"},"n"]},{"$i":"nSpinnerHours","$v":{"zero":"zéro heures","one":[{"t":"idOrVar","v":"n"}," heure"],"two":[{"t":"idOrVar","v":"n"}," heures"],"few":[{"t":"idOrVar","v":"n"}," heures"],"many":[{"t":"idOrVar","v":"n"}," heures"],"other":[{"t":"idOrVar","v":"n"}," heures"]},"$x":[{"t":"idOrVar","v":"plural"},"n"]},{"$i":"ac_awake_opus","$v":"Détecteur de métaux"},{"$i":"ac_crystalize_opus","$v":"Hiver"},{"$i":"ac_cycle_opus","$v":"Oxygène"},{"$i":"ac_digicloud_opus","$v":"Bons moments"},{"$i":"ac_humming_waves_opus","$v":"Crescendo"},{"$i":"ac_into_the_void_opus","$v":"Suspense"},{"$i":"ac_lightly_opus","$v":"Volupté"},{"$i":"ac_mobile_opus","$v":"Amazonie"},{"$i":"ac_pinger_opus","$v":"Pop électro"},{"$i":"ac_skip_opus","$v":"Gravité"},{"$i":"ac_tri_opus","$v":"Le huitième soupir"},{"$i":"ac_universal_opus","$v":"Voyage interstellaire"}]