[{"$i":"title","$v":"Clavier"},{"$i":"settingsPageTitle","$v":"Clavier intégré"},{"$i":"ok","$v":"OK"},{"$i":"keyboardSettings","$v":"Paramètres du clavier"},{"$i":"cancel","$v":"Annuler"},{"$i":"delete","$v":"Supprimer"},{"$i":"vibration","$v":"Vibreur"},{"$i":"clickSound","$v":"Son de clic"},{"$i":"autoCorrect","$v":"Correction automatique"},{"$i":"wordSuggestion","$v":"Suggestion de mots"},{"$i":"userDictionary","$v":"Dictionnaire de l’utilisateur"},{"$i":"handwritingKeyboard","$v":"Écriture manuscrite"},{"$i":"strokeWidth","$v":"Largeur de frappe"},{"$i":"responseSpeed","$v":"Réactivité"},{"$i":"wordSuggestions2","ariaLabel":"Suggestions de mots"},{"$i":"dismiss2","ariaLabel":"Rejeter"},{"$i":"alternateLayoutKey2","ariaLabel":"chiffres et symboles supplémentaires"},{"$i":"basicLayoutKey2","ariaLabel":"lettres"},{"$i":"upperCaseKey2","ariaLabel":"majuscule"},{"$i":"backSpaceKey2","ariaLabel":"retour arrière"},{"$i":"spaceKey2","ariaLabel":"espace"},{"$i":"returnKey2","ariaLabel":"entrée"},{"$i":"periodKey2","ariaLabel":"point"},{"$i":"commaKey2","ariaLabel":"virgule"},{"$i":"colonKey2","ariaLabel":"deux-points"},{"$i":"semicolonKey2","ariaLabel":"point-virgule"},{"$i":"questionMarkKey2","ariaLabel":"point d’interrogation"},{"$i":"exclamationPointKey2","ariaLabel":"point d’exclamation"},{"$i":"leftBracketKey2","ariaLabel":"parenthèse gauche"},{"$i":"rightBracketKey2","ariaLabel":"parenthèse droite"},{"$i":"doubleQuoteKey2","ariaLabel":"guillemets"},{"$i":"leftDoubleAngleQuoteKey2","ariaLabel":"guillemet français double gauche"},{"$i":"rightDoubleAngleQuoteKey2","ariaLabel":"guillemet français double droit"},{"$i":"userDictionaryNoWord","$v":"Aucun mot dans le dictionnaire de l’utilisateur."},{"$i":"userDictionaryAddNow","$v":"Vous pouvez commencer à en ajouter."},{"$i":"userDictionaryAddButton","ariaLabel":"Ajouter un mot"},{"$i":"userDictionaryAdd","$v":"Ajouter un mot"},{"$i":"userDictionaryEdit","$v":"Modifier un mot"},{"$i":"userDictionarySaveButton","$v":"Enregistrer"},{"$i":"userDictionaryDeleteButton","$v":"Supprimer"},{"$i":"userDictionaryDeletePrompt","$v":["Supprimer le mot « ",{"t":"idOrVar","v":"word"}," » ?"]},{"$i":"installed-keyboards-title","$v":"Installed Keyboards"},{"$i":"more-keyboards-title","$v":"More Keyboards"},{"$i":"enablePrompt","$v":["Enable ",{"t":"idOrVar","v":"keyboard"}," now?"]},{"$i":"enablePromptEnable","$v":"Enable"},{"$i":"enablePromptNotNow","$v":"Not Now"},{"$i":"dataConnectionPrompt","$v":"When using a data connection, additional costs may apply. Do you want to continue?"},{"$i":"rememberMyChoice","$v":"Remember my choice"},{"$i":"dataConnectionPromptYes","$v":"Yes"},{"$i":"dataConnectionPromptNo","$v":"No"},{"$i":"downloadFailed","$v":"Download failed."},{"$i":"removePrompt","$v":["Remove keyboard ",{"t":"idOrVar","v":"keyboard"},"?"]},{"$i":"removePromptRemove","$v":"Remove"},{"$i":"removePromptCancel","$v":"Cancel"},{"$i":"preInstalledStatus","$v":[{"t":"idOrVar","v":"size"}," ",{"t":"idOrVar","v":"sizeUnit"}]},{"$i":"installableStatus","$v":[{"t":"idOrVar","v":"size"}," ",{"t":"idOrVar","v":"sizeUnit"}]},{"$i":"downloadingStatus","$v":["Downloading… (",{"t":"idOrVar","v":"loadedSize"}," ",{"t":"idOrVar","v":"loadedSizeUnit"},"/",{"t":"idOrVar","v":"totalSize"}," ",{"t":"idOrVar","v":"totalSizeUnit"},")"]},{"$i":"installedStatus","$v":[{"t":"idOrVar","v":"size"}," ",{"t":"idOrVar","v":"sizeUnit"}]},{"$i":"removingStatus","$v":"Removing…"},{"$i":"downloadButton","ariaLabel":"download"},{"$i":"cancelDownloadButton","ariaLabel":"cancel download"},{"$i":"removeButton","ariaLabel":"remove"},{"$i":"byteUnit-B","$v":"Bytes"},{"$i":"byteUnit-KB","$v":"KB"},{"$i":"byteUnit-MB","$v":"MB"},{"$i":"byteUnit-GB","$v":"GB"}]